<?xml version="1.0" ?>

<container xmlns="http://symfony.com/schema/dic/services"
    xmlns:xsi="http://www.w3.org/2001/XMLSchema-instance"
    xsi:schemaLocation="http://symfony.com/schema/dic/services http://symfony.com/schema/dic/services/services-1.0.xsd">
<!-- 
    <parameters>
        <parameter key="testing.array" type="collection">
            <parameter>en</parameter>
            <parameter>de</parameter>
            <parameter type="collection">
                <parameter>en</parameter>
                <parameter>de</parameter>
            </parameter>
        </parameter>
    </parameters> -->
        
    <services>
        
        <service id="queue" class="Api\PayoutBundle\Model\Queue">            
            <argument type="service" id="service_container" />         
        </service>
         <service id="connection" class="Api\PayoutBundle\Model\DB">            
            <argument type="service" id="service_container" />         
        </service>

        <service id="bdo" class="Api\PayoutBundle\Library\BDO">            
            <argument type="service" id="service_container" />         
        </service>
         <service id="tb" class="Api\PayoutBundle\Library\TB">            
            <argument type="service" id="service_container" />         
        </service>
        <service id="mock" class="Api\PayoutBundle\Library\MOCK">            
            <argument type="service" id="service_container" />         
        </service>
        <service id="greenbelt" class="Api\PayoutBundle\Library\Greenbelt">            
            <argument type="service" id="service_container" />         
        </service>
        <service id="olympic" class="Api\PayoutBundle\Library\Olympic">            
            <argument type="service" id="service_container" />         
        </service>
        <service id="tb_connection" class="Api\PayoutBundle\Library\TBConnectionModel">            
            <argument type="service" id="service_container" />         
        </service>       
        <service id="bts" class="Api\PayoutBundle\Library\BTS"> 
            <argument type="service" id="service_container" /> 
         <!--    <argument type="string">Suraj</argument>
            <argument>%testing.array%</argument> -->
        </service>
    </services>
    
</container>
