<?xml version="1.0" ?>

<container xmlns="http://symfony.com/schema/dic/services"
    xmlns:xsi="http://www.w3.org/2001/XMLSchema-instance"
    xsi:schemaLocation="http://symfony.com/schema/dic/services http://symfony.com/schema/dic/services/services-1.0.xsd">

    <parameters>
        <parameter key="security.authentication.provider.api_service.class"> Api\WebServiceBundle\Security\Core\Authentication\Provider\EpsAuthenticationProvider</parameter>
        <parameter key="security.user.provider.api.service.class"> Api\WebServiceBundle\Security\Core\User\WebserviceUserProvider</parameter>
        <parameter key="api.service.class"> Api\WebServiceBundle\Service\Service</parameter>
    </parameters>

    <services>
        <service id="twig.extension.api.webservice" class=" Api\WebServiceBundle\Twig\Extension\WebServiceExtension" public="false">
            <tag name="twig.extension" />
            <argument type="service" id="twig.loader" />
        </service>

        <service id="api.webservice.listener" class=" Api\WebServiceBundle\EventListener\MyControllerListener">
            <tag name="kernel.event_listener" event="kernel.controller" method="onKernelController" />
            <argument type="service" id="twig.extension.api.webservice" />
        </service>

        <service id="api_webservice_webservice" class="%api.service.class%">
        </service>

        <service id="api_webservice_user_provider" class="%security.user.provider.api.service.class%">
            <argument type="service" id="api_webservice_webservice" />
            <argument type="service" id="doctrine.orm.entity_manager" />
        </service>

        <service id="security.authentication_provider.api_webservice_webservice" class="%security.authentication.provider.api_service.class%" abstract="true" public="false">
            <argument type="service" id="api_webservice_webservice" />
            <argument /> <!-- User Provider -->
            <argument type="service" id="security.user_checker" />
            <argument /> <!-- Provider-shared Key -->
            <argument type="service" id="security.encoder_factory" />
            <argument>%security.authentication.hide_user_not_found%</argument>
        </service>

    </services>
</container>
